{
	"students":[
		{
			"id": 1,
			"studentId":"SE-001",
			"name":"Prayuth",
			"surname":"The minister",
			"gpa":3.59,
			"image":"images/tu.jpg",
			"featured":false,
			"penAmount":15,
      "description":"The great man ever!!!!",
      "enrolledCourse":null
		},
		{
			"id": 2,
			"studentId":"SE-002",
			"name":"Jurgen",
			"surname":"Kloop",
			"gpa":2.15,
			"image":"images/Kloop.gif",
			"featured":true,
			"penAmount":2,
      "description":"The man for the Kop",
      "enrolledCourse":null
		},
		{
			"id": 3,
			"studentId":"SE-003",
			"name":"Mitsuha",
			"surname":"Miyamizu",
			"gpa":2.15,
			"image":"images/mitsuha.gif",
			"featured":true,
			"penAmount":0,
      "description" : "The most beloved one",
      "enrolledCourse":null
		}
	]
}
